{
  "ie": {
    "6": 0,
    "7": 0.0013648402767550598,
    "8": 0.0006828699868537181,
    "9": 0.05448834652677435,
    "10": 0.0015447796672303478,
    "11": 2.1811884037663942,
    "5.5": 0
  },
  "edge": {
    "12": 0.0030301793356038503,
    "13": 0.006823301686822922,
    "14": 0.03650610353962644,
    "15": 0.05687614223838142,
    "16": 0.13894020035549365,
    "17": 1.556966962147239,
    "18": 0.7659120155580635,
    "76": 0
  },
  "firefox": {
    "2": 0,
    "3": 0.00008007302876150318,
    "4": 0.0001007660586661613,
    "5": 0.00013945302761834822,
    "6": 0.0001007660586661613,
    "7": 0,
    "8": 0,
    "9": 0,
    "10": 0,
    "11": 0,
    "12": 0,
    "13": 0,
    "14": 0,
    "15": 0,
    "16": 0.000019793332952281687,
    "17": 0,
    "18": 0,
    "19": 0.000019793332952281687,
    "20": 0,
    "21": 0,
    "22": 0,
    "23": 0,
    "24": 0,
    "25": 0,
    "26": 0,
    "27": 0,
    "28": 0,
    "29": 0,
    "30": 0.00024111878323688598,
    "31": 0.0012451805820889934,
    "32": 0.00016014605752300636,
    "33": 0.000060279695809221496,
    "34": 0.000019793332952281687,
    "35": 0,
    "36": 0.000019793332952281687,
    "37": 0.000019793332952281687,
    "38": 0.0010634417977089523,
    "39": 0.000019793332952281687,
    "40": 0.00028070544914144936,
    "41": 0.0001610457544753828,
    "42": 0.0001808390874276645,
    "43": 0.001724719057705636,
    "44": 0.00038237120475998707,
    "45": 0.008569613471385592,
    "46": 0.00005937999885684505,
    "47": 0.0008619096803766297,
    "48": 0.011238114632134115,
    "49": 0.001825485116371797,
    "50": 0.0005407178683782405,
    "51": 0.0028502399451285627,
    "52": 0.02903951853185436,
    "53": 0.0006621769569490599,
    "54": 0.0010832351306612339,
    "55": 0.001666238755801167,
    "56": 0.0010634417977089523,
    "57": 0.0014647066384688445,
    "58": 0.0001808390874276645,
    "59": 0.002207856321131784,
    "60": 0.04356962431273387,
    "61": 0.002407589044559354,
    "62": 0.013145472171172167,
    "63": 0.0056599935274001855,
    "64": 0.011400060083561873,
    "65": 0.025047563154160096,
    "66": 0.5122721498349547,
    "67": 0.4620582635289207,
    "68": 0.0013441472468504016,
    "69": 0,
    "3.5": 0,
    "3.6": 0
  },
  "chrome": {
    "4": 0,
    "5": 0,
    "6": 0,
    "7": 0,
    "8": 0,
    "9": 0,
    "10": 0,
    "11": 0.000040486362856939806,
    "12": 0,
    "13": 0,
    "14": 0,
    "15": 0.000019793332952281687,
    "16": 0,
    "17": 0.000019793332952281687,
    "18": 0,
    "19": 0,
    "20": 0.000060279695809221496,
    "21": 0,
    "22": 0,
    "23": 0,
    "24": 0.000019793332952281687,
    "25": 0.000039586665904563373,
    "26": 0,
    "27": 0,
    "28": 0.00009986636171378486,
    "29": 0,
    "30": 0.000060279695809221496,
    "31": 0.000060279695809221496,
    "32": 0.000019793332952281687,
    "33": 0.0023266163188454744,
    "34": 0.0003211918119983891,
    "35": 0.00022042575333222785,
    "36": 0.0004417512036168321,
    "37": 0.0016050593630395692,
    "38": 0.0026694008577008983,
    "39": 0.0003400854479982944,
    "40": 0.000019793332952281687,
    "41": 0.0006018972611398385,
    "42": 0.00008007302876150318,
    "43": 0.0012442808851366167,
    "44": 0.00048223756647377197,
    "45": 0.0016644393618964143,
    "46": 0.0032694987249359832,
    "47": 0.0011633081594227372,
    "48": 0.0008223230144720663,
    "49": 0.12619779241898615,
    "50": 0.0031111520613177302,
    "51": 0.004113414466265085,
    "52": 0.0017058254217057305,
    "53": 0.0032119181199838916,
    "54": 0.0009014963462811931,
    "55": 0.011618686442989348,
    "56": 0.01234384218660476,
    "57": 0.044250694905682834,
    "58": 0.012703720967555334,
    "59": 0.010838649185278975,
    "60": 0.009331656790048439,
    "61": 0.009613261936142262,
    "62": 0.012081130676510838,
    "63": 0.02687124887662714,
    "64": 0.024486152255877195,
    "65": 0.045215170038630376,
    "66": 0.02805614976290691,
    "67": 0.08196329205844607,
    "68": 0.02617128464767827,
    "69": 0.05372540351115913,
    "70": 0.06143310730216809,
    "71": 0.09753794600103463,
    "72": 0.3751979209586897,
    "73": 3.613483459525878,
    "74": 6.133203534653812,
    "75": 2.2194363206058214,
    "76": 0.008366281960148518,
    "77": 0.0023068229858931926,
    "78": 0
  },
  "safari": {
    "4": 0.00026091211618916763,
    "5": 0.00012055939161844299,
    "6": 0,
    "7": 0.00038147150780761067,
    "8": 0.009252483458239312,
    "9": 0.023258965612835733,
    "10": 0.04264923433045277,
    "11": 0.11716483501712667,
    "12": 1.1711724104834595,
    "13": 0.0032712981188407365,
    "3.1": 0,
    "3.2": 0.000019793332952281687,
    "5.1": 0.0004408515066644557,
    "6.1": 0.0026091211618916765,
    "7.1": 0.000060279695809221496,
    "9.1": 0.16041596660871926,
    "10.1": 0.40572373885587,
    "11.1": 0.5286484337621106,
    "12.1": 2.471431540299986,
    "TP": 0
  },
  "opera": {
    "9": 0,
    "11": 0,
    "12": 0,
    "15": 0,
    "16": 0,
    "17": 0,
    "18": 0,
    "19": 0,
    "20": 0,
    "21": 0,
    "22": 0,
    "23": 0,
    "24": 0,
    "25": 0,
    "26": 0,
    "27": 0,
    "28": 0,
    "29": 0,
    "30": 0.000019793332952281687,
    "31": 0.000060279695809221496,
    "32": 0,
    "33": 0,
    "34": 0,
    "35": 0,
    "36": 0.0011840011893273954,
    "37": 0.0014458130024689393,
    "38": 0,
    "39": 0,
    "40": 0,
    "41": 0,
    "42": 0,
    "43": 0,
    "44": 0,
    "45": 0,
    "46": 0,
    "47": 0,
    "48": 0,
    "49": 0.000019793332952281687,
    "50": 0,
    "51": 0,
    "52": 0.000019793332952281687,
    "53": 0.000019793332952281687,
    "54": 0,
    "55": 0.00008007302876150318,
    "56": 0.000019793332952281687,
    "57": 0,
    "58": 0.025529800720633867,
    "9.5-9.6": 0,
    "10.0-10.1": 0,
    "10.5": 0,
    "10.6": 0,
    "11.1": 0,
    "11.5": 0,
    "11.6": 0,
    "12.1": 0.000019793332952281687
  },
  "ios_saf": {
    "8": 0.005920905643589353,
    "13": 0.0015456793641827244,
    "3.2": 0,
    "4.0-4.1": 0,
    "4.2-4.3": 0.00012055939161844299,
    "5.0-5.1": 0.002690093887605556,
    "6.0-6.1": 0.003169632363222199,
    "7.0-7.1": 0.024203647412830993,
    "8.1-8.4": 0.056836555572476855,
    "9.0-9.2": 0.03189245756784005,
    "9.3": 1.013105552617395,
    "10.0-10.2": 0.5003925512757761,
    "10.3": 1.43412234026976,
    "11.0-11.2": 1.2063352664731881,
    "11.3-11.4": 2.612279098194518,
    "12.0-12.1": 8.113272781989025,
    "12.2": 23.789196613537072
  },
  "op_mini": {
    "all": 0.00888900588947923
  },
  "android": {
    "3": 0.000039586665904563373,
    "4": 0.00046154453656911383,
    "67": 2.4241911524215567,
    "2.1": 0.000019793332952281687,
    "2.2": 0,
    "2.3": 0.0007620433186628448,
    "4.1": 0.002950106306842347,
    "4.2-4.3": 0.0017058254217057305,
    "4.4": 0.00335137114760224,
    "4.4.3-4.4.4": 0
  },
  "bb": {
    "7": 0.00008007302876150318,
    "10": 0.0031111520613177302
  },
  "op_mob": {
    "10": 0.0021736678369414794,
    "11": 0.0021736678369414794,
    "12": 0.0021736678369414794,
    "46": 0.0021736678369414794,
    "11.1": 0.0021736678369414794,
    "11.5": 0.0021736678369414794,
    "12.1": 0.0021736678369414794
  },
  "and_chr": {
    "75": 14.260591662128672
  },
  "and_ff": {
    "67": 0.05414826107877606
  },
  "ie_mob": {
    "10": 0,
    "11": 0
  },
  "and_uc": {
    "11.8": 0.002160172382655833
  },
  "samsung": {
    "4": 0,
    "5.0-5.4": 0,
    "6.2-6.4": 0,
    "7.2-7.4": 0,
    "8.2": 0,
    "9.2": 0
  },
  "and_qq": {
    "1.2": 0
  },
  "baidu": {
    "7.12": 0
  },
  "kaios": {
    "2.5": 0
  }
}